{
  "injected": [
    {
      "total": 25769,
      "tp": 1491,
      "fp": 60,
      "tn": 22468,
      "fn": 1750,
      "precision": 0.9613152804642167,
      "recall": 0.46004319654427644,
      "f1": 0.6222871452420702,
      "accuracy": 0.9297605650199853,
      "false_positive_rate": 0.0026633522727272725,
      "false_negative_rate": 0.5399568034557235,
      "evaluation": "injected_word_detection",
      "model": "gemma4:31b-cloud",
      "model_family": "ollama_llm",
      "llm_mode": "full_text",
      "chunk_size": null,
      "injected_lang": "ca",
      "main_accuracy": 1.0,
      "latency_ms_mean": 3310.38703225488,
      "retry_count_mean": 0.0,
      "llm_call_count_mean": 1.0,
      "invalid_json_rate": 0.011857707509881422
    },
    {
      "total": 25769,
      "tp": 2883,
      "fp": 94,
      "tn": 22434,
      "fn": 358,
      "precision": 0.9684245885119248,
      "recall": 0.8895402653502006,
      "f1": 0.9273078160180123,
      "accuracy": 0.9824595444138305,
      "false_positive_rate": 0.004172585227272727,
      "false_negative_rate": 0.11045973464979944,
      "evaluation": "injected_word_detection",
      "model": "gemma4:31b-cloud",
      "model_family": "ollama_llm",
      "llm_mode": "full_text",
      "chunk_size": null,
      "injected_lang": "de",
      "main_accuracy": 1.0,
      "latency_ms_mean": 3856.6341953922733,
      "retry_count_mean": 0.0,
      "llm_call_count_mean": 1.0,
      "invalid_json_rate": 0.0029644268774703555
    },
    {
      "total": 25769,
      "tp": 2899,
      "fp": 56,
      "tn": 22472,
      "fn": 342,
      "precision": 0.9810490693739424,
      "recall": 0.8944770132675101,
      "f1": 0.9357650096836668,
      "accuracy": 0.9845550855679305,
      "false_positive_rate": 0.0024857954545454545,
      "false_negative_rate": 0.10552298673248997,
      "evaluation": "injected_word_detection",
      "model": "gemma4:31b-cloud",
      "model_family": "ollama_llm",
      "llm_mode": "full_text",
      "chunk_size": null,
      "injected_lang": "en",
      "main_accuracy": 1.0,
      "latency_ms_mean": 3346.9964878063274,
      "retry_count_mean": 0.0,
      "llm_call_count_mean": 1.0,
      "invalid_json_rate": 0.0029644268774703555
    },
    {
      "total": 25769,
      "tp": 2725,
      "fp": 67,
      "tn": 22461,
      "fn": 516,
      "precision": 0.9760028653295129,
      "recall": 0.8407898796667695,
      "f1": 0.9033648267860103,
      "accuracy": 0.977375916799255,
      "false_positive_rate": 0.0029740767045454545,
      "false_negative_rate": 0.15921012033323048,
      "evaluation": "injected_word_detection",
      "model": "gemma4:31b-cloud",
      "model_family": "ollama_llm",
      "llm_mode": "full_text",
      "chunk_size": null,
      "injected_lang": "eu",
      "main_accuracy": 1.0,
      "latency_ms_mean": 4793.128811403167,
      "retry_count_mean": 0.0,
      "llm_call_count_mean": 1.0,
      "invalid_json_rate": 0.01383399209486166
    },
    {
      "total": 25769,
      "tp": 2386,
      "fp": 75,
      "tn": 22453,
      "fn": 855,
      "precision": 0.9695245835026413,
      "recall": 0.7361925331687751,
      "f1": 0.8368993335671695,
      "accuracy": 0.9639101245682797,
      "false_positive_rate": 0.003329190340909091,
      "false_negative_rate": 0.2638074668312249,
      "evaluation": "injected_word_detection",
      "model": "gemma4:31b-cloud",
      "model_family": "ollama_llm",
      "llm_mode": "full_text",
      "chunk_size": null,
      "injected_lang": "fr",
      "main_accuracy": 1.0,
      "latency_ms_mean": 2918.2135802648177,
      "retry_count_mean": 0.0,
      "llm_call_count_mean": 1.0,
      "invalid_json_rate": 0.0
    },
    {
      "total": 25769,
      "tp": 2234,
      "fp": 65,
      "tn": 22463,
      "fn": 1007,
      "precision": 0.9717268377555459,
      "recall": 0.6892934279543351,
      "f1": 0.8064981949458485,
      "accuracy": 0.9583996274593504,
      "false_positive_rate": 0.0028852982954545455,
      "false_negative_rate": 0.31070657204566493,
      "evaluation": "injected_word_detection",
      "model": "gemma4:31b-cloud",
      "model_family": "ollama_llm",
      "llm_mode": "full_text",
      "chunk_size": null,
      "injected_lang": "it",
      "main_accuracy": 1.0,
      "latency_ms_mean": 3076.1439440770678,
      "retry_count_mean": 0.0,
      "llm_call_count_mean": 1.0,
      "invalid_json_rate": 0.0009881422924901185
    },
    {
      "total": 25769,
      "tp": 1466,
      "fp": 40,
      "tn": 22488,
      "fn": 1775,
      "precision": 0.9734395750332006,
      "recall": 0.4523295279234804,
      "f1": 0.6176532546871708,
      "accuracy": 0.9295665334316426,
      "false_positive_rate": 0.0017755681818181818,
      "false_negative_rate": 0.5476704720765196,
      "evaluation": "injected_word_detection",
      "model": "gemma4:31b-cloud",
      "model_family": "ollama_llm",
      "llm_mode": "full_text",
      "chunk_size": null,
      "injected_lang": "pt",
      "main_accuracy": 1.0,
      "latency_ms_mean": 2731.1135352450474,
      "retry_count_mean": 0.0,
      "llm_call_count_mean": 1.0,
      "invalid_json_rate": 0.001976284584980237
    }
  ]
}
