{
  "injected": [
    {
      "total": 25769,
      "tp": 2021,
      "fp": 30,
      "tn": 22498,
      "fn": 1220,
      "precision": 0.985372988785958,
      "recall": 0.6235729713051528,
      "f1": 0.7637944066515494,
      "accuracy": 0.9514921029143545,
      "false_positive_rate": 0.0013316761363636363,
      "false_negative_rate": 0.3764270286948473,
      "evaluation": "injected_word_detection",
      "model": "deepseek-v4-pro:cloud",
      "model_family": "ollama_llm",
      "llm_mode": "full_text",
      "chunk_size": null,
      "injected_lang": "ca",
      "main_accuracy": 1.0,
      "latency_ms_mean": 28472.464638817815,
      "retry_count_mean": 0.001976284584980237,
      "llm_call_count_mean": 1.0,
      "invalid_json_rate": 0.14624505928853754
    },
    {
      "total": 25769,
      "tp": 3101,
      "fp": 34,
      "tn": 22494,
      "fn": 140,
      "precision": 0.9891547049441787,
      "recall": 0.9568034557235421,
      "f1": 0.9727101631116688,
      "accuracy": 0.9932477007256781,
      "false_positive_rate": 0.0015092329545454545,
      "false_negative_rate": 0.04319654427645788,
      "evaluation": "injected_word_detection",
      "model": "deepseek-v4-pro:cloud",
      "model_family": "ollama_llm",
      "llm_mode": "full_text",
      "chunk_size": null,
      "injected_lang": "de",
      "main_accuracy": 1.0,
      "latency_ms_mean": 26675.88162917464,
      "retry_count_mean": 0.0,
      "llm_call_count_mean": 1.0,
      "invalid_json_rate": 0.022727272727272728
    },
    {
      "total": 25769,
      "tp": 2104,
      "fp": 31,
      "tn": 22497,
      "fn": 1137,
      "precision": 0.985480093676815,
      "recall": 0.6491823511261956,
      "f1": 0.7827380952380952,
      "accuracy": 0.9546742209631728,
      "false_positive_rate": 0.001376065340909091,
      "false_negative_rate": 0.3508176488738044,
      "evaluation": "injected_word_detection",
      "model": "deepseek-v4-pro:cloud",
      "model_family": "ollama_llm",
      "llm_mode": "full_text",
      "chunk_size": null,
      "injected_lang": "en",
      "main_accuracy": 1.0,
      "latency_ms_mean": 27155.68110296175,
      "retry_count_mean": 0.0,
      "llm_call_count_mean": 1.0,
      "invalid_json_rate": 0.32608695652173914
    },
    {
      "total": 25769,
      "tp": 2359,
      "fp": 30,
      "tn": 22498,
      "fn": 882,
      "precision": 0.9874424445374633,
      "recall": 0.7278617710583153,
      "f1": 0.8380106571936057,
      "accuracy": 0.964608638286313,
      "false_positive_rate": 0.0013316761363636363,
      "false_negative_rate": 0.27213822894168466,
      "evaluation": "injected_word_detection",
      "model": "deepseek-v4-pro:cloud",
      "model_family": "ollama_llm",
      "llm_mode": "full_text",
      "chunk_size": null,
      "injected_lang": "eu",
      "main_accuracy": 1.0,
      "latency_ms_mean": 24590.57182757232,
      "retry_count_mean": 0.0,
      "llm_call_count_mean": 1.0,
      "invalid_json_rate": 0.24308300395256918
    },
    {
      "total": 25769,
      "tp": 2110,
      "fp": 32,
      "tn": 22496,
      "fn": 1131,
      "precision": 0.9850606909430439,
      "recall": 0.6510336315951867,
      "f1": 0.7839494705554523,
      "accuracy": 0.9548682525515154,
      "false_positive_rate": 0.0014204545454545455,
      "false_negative_rate": 0.3489663684048133,
      "evaluation": "injected_word_detection",
      "model": "deepseek-v4-pro:cloud",
      "model_family": "ollama_llm",
      "llm_mode": "full_text",
      "chunk_size": null,
      "injected_lang": "fr",
      "main_accuracy": 1.0,
      "latency_ms_mean": 30735.91200145454,
      "retry_count_mean": 0.0,
      "llm_call_count_mean": 1.0,
      "invalid_json_rate": 0.2608695652173913
    },
    {
      "total": 25769,
      "tp": 2527,
      "fp": 34,
      "tn": 22494,
      "fn": 714,
      "precision": 0.9867239359625146,
      "recall": 0.7796976241900648,
      "f1": 0.871078938297139,
      "accuracy": 0.9709728743839497,
      "false_positive_rate": 0.0015092329545454545,
      "false_negative_rate": 0.2203023758099352,
      "evaluation": "injected_word_detection",
      "model": "deepseek-v4-pro:cloud",
      "model_family": "ollama_llm",
      "llm_mode": "full_text",
      "chunk_size": null,
      "injected_lang": "it",
      "main_accuracy": 1.0,
      "latency_ms_mean": 29594.74883235748,
      "retry_count_mean": 0.0,
      "llm_call_count_mean": 1.0,
      "invalid_json_rate": 0.08794466403162056
    },
    {
      "total": 25769,
      "tp": 1876,
      "fp": 41,
      "tn": 22487,
      "fn": 1365,
      "precision": 0.9786124152321335,
      "recall": 0.5788336933045356,
      "f1": 0.7274137262504846,
      "accuracy": 0.9454383173580659,
      "false_positive_rate": 0.0018199573863636363,
      "false_negative_rate": 0.42116630669546434,
      "evaluation": "injected_word_detection",
      "model": "deepseek-v4-pro:cloud",
      "model_family": "ollama_llm",
      "llm_mode": "full_text",
      "chunk_size": null,
      "injected_lang": "pt",
      "main_accuracy": 1.0,
      "latency_ms_mean": 19280.82865636068,
      "retry_count_mean": 0.0009881422924901185,
      "llm_call_count_mean": 1.0,
      "invalid_json_rate": 0.00691699604743083
    }
  ]
}
