{
  "injected": [
    {
      "total": 25769,
      "tp": 1373,
      "fp": 51,
      "tn": 22095,
      "fn": 2250,
      "precision": 0.964185393258427,
      "recall": 0.3789677063207287,
      "f1": 0.5440855954032099,
      "accuracy": 0.9107066630447437,
      "false_positive_rate": 0.002302898943375779,
      "false_negative_rate": 0.6210322936792714,
      "evaluation": "injected_word_detection",
      "model": "gemma4:31b-cloud",
      "model_family": "ollama_llm",
      "llm_mode": "full_text",
      "chunk_size": null,
      "injected_lang": "ca",
      "main_accuracy": 1.0,
      "latency_ms_mean": 2611.5833273677267,
      "retry_count_mean": 0.0,
      "llm_call_count_mean": 1.0,
      "invalid_json_rate": 0.0009881422924901185
    },
    {
      "total": 25769,
      "tp": 2930,
      "fp": 96,
      "tn": 22050,
      "fn": 693,
      "precision": 0.9682749504296101,
      "recall": 0.8087220535467844,
      "f1": 0.8813355391788239,
      "accuracy": 0.9693818153595405,
      "false_positive_rate": 0.004334868599295584,
      "false_negative_rate": 0.19127794645321558,
      "evaluation": "injected_word_detection",
      "model": "gemma4:31b-cloud",
      "model_family": "ollama_llm",
      "llm_mode": "full_text",
      "chunk_size": null,
      "injected_lang": "de",
      "main_accuracy": 1.0,
      "latency_ms_mean": 4062.381103655344,
      "retry_count_mean": 0.0,
      "llm_call_count_mean": 1.0,
      "invalid_json_rate": 0.001976284584980237
    },
    {
      "total": 25769,
      "tp": 2894,
      "fp": 55,
      "tn": 22091,
      "fn": 729,
      "precision": 0.9813496100373008,
      "recall": 0.7987855368479161,
      "f1": 0.8807060255629946,
      "accuracy": 0.9695758469478831,
      "false_positive_rate": 0.002483518468346428,
      "false_negative_rate": 0.2012144631520839,
      "evaluation": "injected_word_detection",
      "model": "gemma4:31b-cloud",
      "model_family": "ollama_llm",
      "llm_mode": "full_text",
      "chunk_size": null,
      "injected_lang": "en",
      "main_accuracy": 1.0,
      "latency_ms_mean": 5155.198007947054,
      "retry_count_mean": 0.0,
      "llm_call_count_mean": 1.0,
      "invalid_json_rate": 0.01383399209486166
    },
    {
      "total": 25769,
      "tp": 2658,
      "fp": 60,
      "tn": 22086,
      "fn": 965,
      "precision": 0.977924944812362,
      "recall": 0.7336461495997791,
      "f1": 0.8383535719917994,
      "accuracy": 0.9602235243897707,
      "false_positive_rate": 0.00270929287455974,
      "false_negative_rate": 0.2663538504002208,
      "evaluation": "injected_word_detection",
      "model": "gemma4:31b-cloud",
      "model_family": "ollama_llm",
      "llm_mode": "full_text",
      "chunk_size": null,
      "injected_lang": "eu",
      "main_accuracy": 1.0,
      "latency_ms_mean": 4067.7476087712485,
      "retry_count_mean": 0.0,
      "llm_call_count_mean": 1.0,
      "invalid_json_rate": 0.004940711462450593
    },
    {
      "total": 25769,
      "tp": 2379,
      "fp": 82,
      "tn": 22064,
      "fn": 1244,
      "precision": 0.9666802112962211,
      "recall": 0.6566381451835496,
      "f1": 0.782051282051282,
      "accuracy": 0.9485428227715472,
      "false_positive_rate": 0.0037027002618983114,
      "false_negative_rate": 0.34336185481645043,
      "evaluation": "injected_word_detection",
      "model": "gemma4:31b-cloud",
      "model_family": "ollama_llm",
      "llm_mode": "full_text",
      "chunk_size": null,
      "injected_lang": "fr",
      "main_accuracy": 1.0,
      "latency_ms_mean": 4936.2782471867495,
      "retry_count_mean": 0.0,
      "llm_call_count_mean": 1.0,
      "invalid_json_rate": 0.0266798418972332
    },
    {
      "total": 25769,
      "tp": 2109,
      "fp": 63,
      "tn": 22083,
      "fn": 1514,
      "precision": 0.9709944751381215,
      "recall": 0.582114269942037,
      "f1": 0.7278688524590164,
      "accuracy": 0.9388024370367496,
      "false_positive_rate": 0.002844757518287727,
      "false_negative_rate": 0.41788573005796303,
      "evaluation": "injected_word_detection",
      "model": "gemma4:31b-cloud",
      "model_family": "ollama_llm",
      "llm_mode": "full_text",
      "chunk_size": null,
      "injected_lang": "it",
      "main_accuracy": 1.0,
      "latency_ms_mean": 5261.025764613668,
      "retry_count_mean": 0.0,
      "llm_call_count_mean": 1.0,
      "invalid_json_rate": 0.029644268774703556
    },
    {
      "total": 25769,
      "tp": 1355,
      "fp": 47,
      "tn": 22099,
      "fn": 2268,
      "precision": 0.9664764621968617,
      "recall": 0.37399944797129453,
      "f1": 0.5393034825870647,
      "accuracy": 0.9101633745973845,
      "false_positive_rate": 0.0021222794184051295,
      "false_negative_rate": 0.6260005520287055,
      "evaluation": "injected_word_detection",
      "model": "gemma4:31b-cloud",
      "model_family": "ollama_llm",
      "llm_mode": "full_text",
      "chunk_size": null,
      "injected_lang": "pt",
      "main_accuracy": 1.0,
      "latency_ms_mean": 3126.5520538184937,
      "retry_count_mean": 0.0,
      "llm_call_count_mean": 1.0,
      "invalid_json_rate": 0.005928853754940711
    }
  ]
}
